Award_AuthID,Prop_AuthID,Sal_ID
3,7,
6,10,
7,11,
13,24,
17,33,
25,43,
29,50,
30,52,
31,53,
37,63,
38,66,
41,69,
47,80,
48,82,
56,94,
61,100,
66,112,
67,114,
73,122,
85,139,
87,142,
92,151,
94,156,
96,158,
99,164,
104,169,
106,173,
108,176,
113,182,
116,188,
117,189,
123,201,
125,206,
127,209,
129,212,
131,214,
132,215,
134,221,
140,227,
147,235,
148,236,
153,243,
154,245,
155,246,
165,264,
168,271,
171,274,
174,277,
177,283,
179,285,
180,286,
181,287,
182,289,
183,292,
190,303,
198,314,
199,316,
200,318,
201,319,
202,320,
209,332,
214,339,
215,340,
218,346,
223,350,
224,351,
225,352,
227,354,
228,355,
229,356,
234,361,
239,372,
244,380,
248,385,
255,391,
256,394,
261,401,
263,403,
271,415,
272,416,
273,418,
274,419,
276,421,
282,429,
284,434,
293,446,
298,453,
299,454,
300,455,
307,464,
310,469,
311,470,
312,471,
314,474,
315,475,
316,476,
317,481,
318,482,
321,486,
330,494,
334,497,
340,506,
344,512,
347,515,
348,516,
349,520,
350,521,
351,522,
352,523,
353,527,
363,543,
369,552,
377,559,
379,561,
389,574,
392,577,
393,579,
395,581,
402,590,
410,599,
413,604,
419,610,
424,618,
426,623,
428,626,
435,634,
437,637,
442,643,
443,645,
445,648,
453,657,
461,670,
466,677,
470,683,
477,694,
478,696,
484,706,
488,714,
496,725,
501,737,
504,740,
506,743,
515,754,
516,757,
524,772,
527,775,
538,788,
543,799,
545,802,
554,817,
555,818,
557,821,
569,843,
570,846,
571,849,
574,853,
578,858,
587,875,
599,892,
600,893,
601,894,
604,897,
607,901,
613,907,
614,908,
616,910,
622,920,
628,925,
629,926,
630,928,
631,930,
640,940,
641,941,
649,953,
654,958,
655,959,
659,968,
660,969,
678,987,
682,994,
687,1005,
689,1007,
695,1013,
697,1016,
702,1021,
706,1027,
709,1033,
713,1044,
714,1045,
719,5070,
730,1062,
733,1066,
735,1069,
738,1072,
740,1074,
741,1075,
743,1077,
744,1078,
751,1090,
753,1091,
754,1093,
756,1097,
760,1103,
766,1110,
767,1111,
769,1115,
770,1116,
773,1121,
775,1127,
776,1130,
784,1148,
785,1149,
789,1152,
790,1153,
794,1157,
796,1159,
799,1166,
801,1168,
804,1173,
806,1175,
807,1178,
808,1179,
818,1193,
822,1201,
825,1204,
838,1228,
842,1235,
846,1240,
850,1245,
851,1246,
852,1248,
853,1249,
858,1258,
862,1266,
864,1269,
867,1273,
868,1274,
869,1276,
872,1054,
874,1283,
876,1286,
877,1287,
881,1292,
882,1294,
886,1328,
888,1301,
891,1304,
893,1308,
896,1312,
901,1318,
904,1325,
909,1336,
913,1343,
920,1350,
928,1360,
929,1361,
930,1362,
934,1366,
939,1371,
940,1372,
942,1374,
943,1375,
944,1376,
946,1378,
950,1383,
951,1384,
953,1385,
959,1390,
964,1399,
966,1401,
973,1410,
978,1417,
981,1421,
982,1422,
985,1426,
992,1435,
996,1441,
998,1444,
1002,1452,
1003,1453,
1006,1456,
1010,1460,
1011,1461,
1016,1467,
1018,1470,
1027,1485,
1032,1493,
1039,1502,
1042,1507,
1052,1518,
1058,1525,
1072,1546,
1077,1552,
1089,1567,
1102,1587,
1111,1599,
1113,1601,
1114,1602,
1115,1603,
1116,1604,
1128,1617,
1131,1620,
1132,1621,
1134,1625,
1136,1628,
1139,1630,
1140,1630,
1144,1634,
1147,1641,
1149,1642,
1154,1647,
1157,1652,
1158,1653,
1166,1669,
1171,1675,
1172,1678,
1173,1679,
1177,1682,
1178,1684,
1179,1685,
1182,1687,
1188,1693,
1200,1712,
1203,1715,
1205,1717,
1206,1718,
1216,1730,
1218,1732,
1222,1737,
1224,1740,
1226,1744,
1229,1747,
1236,1758,
1242,1764,
1243,1766,
1244,1767,
1245,1768,
1246,1769,
1250,1775,
1253,1778,
1264,1791,
1266,1794,
1268,1799,
1269,1800,
1273,1806,
1275,1809,
1280,1815,
1283,1819,
1287,1825,
1290,1829,
1292,1831,
1295,1834,
1297,1837,
1298,1838,
1300,1840,
1301,1842,
1303,1844,
1306,1848,
1318,1865,
1326,1881,
1327,1882,
1328,1883,
1332,1887,
1334,1894,
1338,1899,
1339,1900,
1346,1909,
1350,1914,
1358,1925,
1362,1930,
1364,1932,
1367,1935,
1372,1944,
1376,1948,
1380,1952,
1384,1958,
1385,1959,
1398,1975,
1404,1984,
1405,1987,
1406,1988,
1415,2003,
1416,2004,
1417,2005,
1419,2009,
1420,2010,
1423,2014,
1424,2015,
1426,2018,
1430,2023,
1431,2024,
1438,2034,
1444,2044,
1462,2071,
1473,2090,
1476,2097,
1477,2101,
1481,2108,
1482,2110,
1484,2113,
1487,2120,
1492,2129,
1498,2141,
1501,2147,
1503,2149,
1504,2150,
1506,2152,
1507,2153,
1510,2158,
1515,2163,
1518,2166,
1521,2169,
1522,2170,
1525,2173,
1528,2177,
1529,2178,
1534,2184,
1536,2186,
1543,2194,
1546,2198,
1547,2199,
1548,2200,
1556,2207,
1563,2216,
1564,2216,
1565,2217,
1571,2226,
1572,2227,
1582,2247,
1583,2249,
1588,2257,
1591,2263,
1597,2272,
1599,2274,
1601,2276,
1604,2277,
1609,2282,
1619,2295,
1625,2305,
1645,2328,
1647,2332,
1660,2348,
1666,2357,
1670,2362,
1673,2365,
1680,2374,
1683,2377,
1691,2388,
1695,2392,
1696,2393,
1699,2399,
1700,2402,
1709,2413,
1710,2414,
1712,2415,
1713,2416,
1715,2418,
1718,2422,
1719,2423,
1727,2445,
1728,2448,
1730,2450,
1731,2451,
1734,2454,
1743,2465,
1747,2471,
1754,2486,
1764,2500,
1769,2505,
1775,2518,
1786,2532,
1790,2540,
1798,2550,
1799,2552,
1802,2554,
1808,2563,
1815,2570,
1820,2573,
1829,2584,
1833,2588,
1836,2593,
1840,2597,
1841,2598,
1842,2599,
1848,2611,
1850,2614,
1852,2616,
1860,2629,
1879,2654,
1880,2657,
1882,2658,
1883,2661,
1887,2667,
1889,2669,
1890,2671,
1905,2688,
1906,2689,
1910,2696,
1913,2699,
1915,2701,
1919,2707,
1920,2708,
1922,2710,
1923,2711,
1926,2717,
1928,2720,
1932,2724,
1933,2725,
1934,2726,
1935,2727,
1937,2729,
1941,2735,
1943,2737,
1946,2741,
1947,2742,
1957,2762,
1958,2766,
1960,2769,
1965,2775,
1969,2781,
1981,2799,
1988,2810,
1996,2818,
2002,2826,
2004,2830,
2006,2832,
2010,2838,
2018,2852,
2019,2853,
2022,2856,
2023,2858,
2027,2865,
2031,2871,
2038,2880,
2046,2888,
2050,2892,
2051,2893,
2052,2896,
2055,2899,
2058,2904,
2059,2905,
2073,2927,
2075,2930,
2082,2939,
2091,2949,
2094,2953,
2096,2956,
2097,2958,
2100,2967,
2108,2975,
2110,2978,
2112,2981,
2113,2982,
2116,2988,
2123,3001,
2132,3016,
2133,3017,
2139,3025,
2145,3035,
2148,3038,
2149,3040,
2150,3041,
2157,3051,
2158,3053,
2159,3054,
2160,3054,
2161,3055,
2169,3068,
2175,3077,
2184,3092,
2187,3095,
2188,3097,
2189,3097,
2190,3129,
2200,3114,
2202,3118,
2207,3125,
2208,3126,
2213,3133,
2227,3149,
2229,3153,
2234,3162,
2238,3174,
2239,3178,
2241,3182,
2248,3189,
2249,3190,
2250,3191,
2253,3194,
2262,3206,
2268,3217,
2271,3221,
2280,3235,
2281,3236,
2284,3240,
2295,3255,
2299,3260,
2304,3266,
2309,3275,
2312,3281,
2313,3282,
2317,3287,
2318,3288,
2321,3292,
2325,3299,
2327,3301,
2334,3311,
2336,3315,
2338,3318,
2339,3320,
2344,3331,
2345,3333,
2347,3336,
2349,3340,
2354,3345,
2364,3358,
2371,3370,
2372,3371,
2373,3372,
2374,3373,
2379,3380,
2383,3387,
2386,3389,
2387,2632,
2395,3398,
2396,3402,
2401,3413,
2405,3426,
2406,3427,
2408,3430,
2412,3439,
2413,3439,
2417,3444,
2419,3446,
2432,3466,
2433,3468,
2446,3486,
2464,3511,
2471,3521,
2473,3522,
2476,3526,
2480,3530,
2489,3545,
2491,3550,
2498,3559,
2499,3561,
2501,3565,
2509,3575,
2510,3576,
2515,3582,
2516,3585,
2518,3587,
2531,3601,
2532,3602,
2533,3603,
2552,3628,
2560,3638,
2565,3646,
2571,3657,
2573,3661,
2574,3663,
2575,3665,
2576,3666,
2578,3669,
2579,3671,
2581,3673,
2583,3675,
2585,3679,
2590,3685,
2592,3690,
2593,3691,
2596,3694,
2597,3695,
2602,3703,
2604,3707,
2605,3708,
2607,3711,
2611,3715,
2620,3730,
2621,3731,
2622,3732,
2624,3734,
2634,3750,
2636,3753,
2637,3754,
2646,3765,
2647,3766,
2649,3768,
2650,3769,
2652,3771,
2653,3773,
2656,3777,
2659,3781,
2663,3785,
2665,3787,
2666,3788,
2671,3794,
2676,3800,
2682,3810,
2684,3813,
2685,3814,
2687,3818,
2689,3822,
2690,3823,
2691,3825,
2697,3837,
2704,3847,
2706,3849,
2708,3852,
2709,3853,
2717,3865,
2718,3866,
2725,3874,
2726,3875,
2727,3876,
2731,3881,
2739,3891,
2741,3893,
2743,3895,
2746,3898,
2749,3902,
2750,3903,
2755,3908,
2759,3912,
2773,3935,
2777,3943,
2779,3948,
2782,3951,
2783,3956,
2787,3961,
2797,3975,
2799,3977,
2800,3978,
2807,3988,
2813,3996,
2814,3997,
2824,4010,
2826,4012,
2829,4015,
2830,4016,
2831,4017,
2835,4021,
2844,4031,
2850,4042,
2851,4044,
2861,4060,
2862,4062,
2863,4064,
2868,4072,
2870,4075,
2873,4080,
2874,4081,
2875,4082,
2877,4086,
2878,4087,
2885,4099,
2888,4103,
2889,4104,
2890,4106,
2891,4107,
2892,4108,
2895,4112,
2904,4124,
2905,4127,
2914,4142,
2915,4144,
2918,4147,
2922,4151,
2926,4155,
2929,4160,
2930,4161,
2931,4162,
2932,4164,
2934,4166,
2937,4169,
2944,4177,
2946,4180,
2948,4184,
2950,4186,
2958,4197,
2962,4207,
2964,4210,
2966,4214,
2968,4218,
2975,4229,
2976,4230,
2977,4231,
2999,4258,
3000,4260,
3004,4266,
3005,4268,
3007,4273,
3010,4276,
3011,4277,
3021,4291,
3023,4293,
3027,4304,
3031,4313,
3032,4314,
3033,4315,
3035,4320,
3037,4322,
3038,4323,
3039,4324,
3047,4337,
3049,4341,
3058,4359,
3064,4367,
3085,4390,
3086,4390,
3087,4391,
3089,4394,
3091,4396,
3098,4403,
3099,4404,
3106,4413,
3108,4416,
3112,4422,
3113,4423,
3124,4435,
3131,4442,
3132,4443,
3134,4445,
3149,4466,
3150,4467,
3159,4482,
3162,4485,
3163,4486,
3171,4498,
3178,4511,
3180,4513,
3183,4516,
3187,4522,
3191,4529,
3196,4538,
3197,4539,
3204,4555,
3205,4556,
3208,4559,
3209,4560,
3210,4561,
3216,4570,
3218,4572,
3229,4587,
3230,4588,
3233,4592,
3235,4594,
3236,4595,
3241,4601,
3246,4610,
3248,4612,
3249,4613,
3250,4614,
3251,4615,
3252,4616,
3253,4617,
3257,4623,
3259,4626,
3262,4631,
3263,4633,
3265,3704,
3269,4642,
3278,4651,
3279,4652,
3283,4657,
3290,4669,
3291,4670,
3298,4678,
3299,4679,
3305,4686,
3312,4696,
3313,4697,
3316,4703,
3317,4704,
3318,4706,
3327,4720,
3331,4724,
3334,4728,
3338,4734,
3348,4751,
3349,4753,
3355,4765,
3357,4767,
3358,4769,
3361,4774,
3366,4782,
3368,4785,
3370,4790,
3376,4798,
3379,4803,
3384,4810,
3389,4817,
3394,4822,
3396,4825,
3401,4831,
3402,4831,
3413,4845,
3415,4847,
3417,4849,
3418,4850,
3419,4851,
3432,4864,
3439,4879,
3442,4885,
3446,4889,
3449,4894,
3450,4895,
3457,4908,
3460,4912,
3463,4919,
3466,4924,
3472,4933,
3478,4941,
3482,4948,
3483,4952,
3485,4954,
3490,4959,
3491,4961,
3492,4964,
3497,4972,
3504,4979,
3512,4990,
3518,5000,
3519,5002,
3521,5005,
3528,5017,
3529,5017,
3530,5019,
3537,5025,
3538,5027,
3545,5036,
3547,5038,
3548,5039,
3549,5040,
3550,5042,
3553,5046,
3556,5049,
3557,5049,
3561,5054,
3563,5056,
3575,5076,
3576,5077,
3594,5101,
3596,5103,
3600,5107,
3601,5108,
3614,5125,
3615,5126,
3616,5127,
3617,5128,
3618,5129,
3620,5132,
3624,5138,
3629,5144,
3637,5155,
3639,5157,
3642,5160,
3646,5166,
3651,5172,
3652,5174,
3659,5183,
3662,5188,
3663,5191,
3666,5197,
3667,5198,
3668,5199,
3669,5200,
3671,5202,
3676,5207,
3683,5219,
3684,5221,
3687,5226,
3694,5238,
3702,5254,
3703,5258,
3707,5264,
3708,5269,
3710,5270,
3711,5271,
3713,5274,
3718,5279,
3719,5280,
3731,5298,
3736,5304,
3742,5313,
3746,5317,
3762,5342,
3764,5345,
3770,5355,
3772,5358,
54,,
72,,
79,,
135,,
219,,
252,,
306,,
322,,
323,,
366,,
367,,
373,,
414,,
417,,
439,,
449,,
537,,
550,,
551,,
576,,
584,,
612,,
658,,
690,,
792,,
833,,
870,,
947,,
952,,
990,,
1025,,
1033,,
1066,,
1094,,
1123,,
1148,,
1239,,
1313,,
1320,,
1336,,
1363,,
1386,,
1390,,
1402,,
1408,,
1514,,
1550,,
1573,,
1596,,
1603,,
1652,,
1656,,
1697,,
1789,,
1801,,
1810,,
1867,,
1881,,
1962,,
1995,,
2008,,
2034,,
2036,,
2040,,
2085,,
2122,,
2138,,
2146,,
2165,,
2199,,
2245,,
2273,,
2290,,
2296,,
2307,,
2328,,
2331,,
2356,,
2385,,
2394,,
2436,,
2454,,
2472,,
2478,,
2483,,
2496,,
2508,,
2657,,
2744,,
2752,,
2758,,
2760,,
2839,,
2955,,
2979,,
2985,,
2993,,
3071,,
3093,,
3123,,
3181,,
3201,,
3224,,
3238,,
3256,,
3320,,
3390,,
3397,,
3398,,
3531,,
3554,,
3580,,
3638,,
3709,,
,5,
,6,
,12,
,14,
,15,
,22,
,23,
,26,
,28,
,29,
,34,
,45,
,54,
,56,
,60,
,64,
,65,
,72,
,73,
,75,
,77,
,78,
,86,
,88,
,91,
,99,
,101,
,104,
,105,
,106,
,107,
,109,
,113,
,120,
,121,
,125,
,129,
,132,
,146,
,148,
,149,
,154,
,159,
,161,
,162,
,172,
,175,
,181,
,186,
,187,
,192,
,198,
,202,
,204,
,205,
,208,
,216,
,222,
,230,
,239,
,241,
,249,
,254,
,256,
,259,
,263,
,268,
,270,
,275,
,278,
,279,
,290,
,291,
,295,
,296,
,299,
,305,
,309,
,313,
,315,
,325,
,341,
,345,
,366,
,368,
,371,
,376,
,377,
,379,
,384,
,392,
,397,
,407,
,417,
,423,
,428,
,430,
,436,
,445,
,449,
,451,
,461,
,463,
,467,
,473,
,477,
,478,
,480,
,485,
,493,
,505,
,507,
,510,
,518,
,524,
,525,
,526,
,536,
,538,
,542,
,547,
,548,
,555,
,564,
,588,
,589,
,600,
,613,
,614,
,619,
,620,
,621,
,625,
,635,
,639,
,647,
,653,
,654,
,658,
,664,
,665,
,672,
,673,
,680,
,695,
,697,
,700,
,702,
,707,
,710,
,712,
,719,
,723,
,726,
,732,
,734,
,741,
,744,
,748,
,755,
,758,
,764,
,767,
,768,
,784,
,786,
,787,
,789,
,791,
,795,
,798,
,806,
,810,
,812,
,814,
,826,
,827,
,828,
,830,
,835,
,838,
,840,
,844,
,845,
,851,
,857,
,860,
,861,
,865,
,866,
,868,
,871,
,874,
,880,
,883,
,890,
,891,
,900,
,917,
,918,
,922,
,927,
,932,
,943,
,949,
,960,
,961,
,963,
,967,
,988,
,995,
,997,
,1000,
,1002,
,1004,
,1008,
,1023,
,1029,
,1030,
,1031,
,1035,
,1036,
,1037,
,1038,
,1039,
,1041,
,1064,
,1079,
,1085,
,1086,
,1089,
,1092,
,1094,
,1107,
,1120,
,1123,
,1125,
,1128,
,1129,
,1131,
,1133,
,1135,
,1138,
,1140,
,1143,
,1145,
,1147,
,1160,
,1163,
,1164,
,1169,
,1172,
,1176,
,1177,
,1180,
,1181,
,1184,
,1188,
,1190,
,1195,
,1196,
,1197,
,1205,
,1207,
,1209,
,1210,
,1214,
,1215,
,1218,
,1221,
,1224,
,1236,
,1247,
,1260,
,1261,
,1263,
,1267,
,1270,
,1281,
,1285,
,1291,
,1293,
,1295,
,1305,
,1310,
,1313,
,1314,
,1320,
,1324,
,1329,
,1331,
,1332,
,1335,
,1337,
,1339,
,1353,
,1379,
,1380,
,1397,
,1404,
,1409,
,1411,
,1414,
,1427,
,1429,
,1437,
,1438,
,1445,
,1448,
,1449,
,1463,
,1471,
,1482,
,1492,
,1496,
,1497,
,1506,
,1519,
,1528,
,1533,
,1536,
,1538,
,1543,
,1544,
,1550,
,1557,
,1560,
,1573,
,1574,
,1575,
,1577,
,1580,
,1584,
,1595,
,1612,
,1623,
,1635,
,1637,
,1651,
,1659,
,1660,
,1662,
,1664,
,1666,
,1674,
,1683,
,1696,
,1697,
,1702,
,1703,
,1711,
,1724,
,1727,
,1735,
,1739,
,1741,
,1742,
,1748,
,1765,
,1770,
,1773,
,1783,
,1790,
,1793,
,1795,
,1798,
,1802,
,1808,
,1812,
,1823,
,1847,
,1853,
,1860,
,1866,
,1867,
,1870,
,1872,
,1874,
,1875,
,1878,
,1888,
,1889,
,1890,
,1897,
,1901,
,1912,
,1916,
,1931,
,1938,
,1941,
,1955,
,1961,
,1962,
,1963,
,1964,
,1977,
,1978,
,1986,
,1992,
,1994,
,1999,
,2007,
,2012,
,2016,
,2020,
,2028,
,2031,
,2036,
,2039,
,2047,
,2051,
,2058,
,2059,
,2060,
,2069,
,2077,
,2078,
,2086,
,2088,
,2091,
,2094,
,2102,
,2104,
,2109,
,2117,
,2119,
,2133,
,2134,
,2135,
,2136,
,2139,
,2143,
,2144,
,2146,
,2190,
,2195,
,2213,
,2215,
,2221,
,2222,
,2230,
,2237,
,2238,
,2239,
,2242,
,2244,
,2246,
,2252,
,2256,
,2258,
,2264,
,2269,
,2285,
,2286,
,2322,
,2324,
,2327,
,2330,
,2331,
,2340,
,2344,
,2346,
,2349,
,2350,
,2351,
,2367,
,2368,
,2381,
,2391,
,2394,
,2398,
,2400,
,2411,
,2424,
,2426,
,2428,
,2431,
,2435,
,2437,
,2438,
,2439,
,2440,
,2441,
,2447,
,2453,
,2461,
,2467,
,2470,
,2472,
,2482,
,2483,
,2484,
,2507,
,2509,
,2511,
,2516,
,2525,
,2530,
,2535,
,2537,
,2538,
,2539,
,2543,
,2551,
,2559,
,2560,
,2561,
,2565,
,2581,
,2582,
,2589,
,2594,
,2602,
,2604,
,2606,
,2607,
,2609,
,2613,
,2619,
,2620,
,2621,
,2628,
,2633,
,2647,
,2649,
,2653,
,2655,
,2656,
,2659,
,2663,
,2685,
,2693,
,2694,
,2740,
,2743,
,2744,
,2751,
,2755,
,2761,
,2764,
,2767,
,2773,
,2782,
,2788,
,2789,
,2797,
,2801,
,2802,
,2809,
,2817,
,2820,
,2822,
,2823,
,2829,
,2834,
,2835,
,2836,
,2844,
,2845,
,2846,
,2847,
,2849,
,2857,
,2859,
,2862,
,2867,
,2870,
,2874,
,2875,
,2878,
,2894,
,2901,
,2912,
,2921,
,2923,
,2926,
,2938,
,2940,
,2950,
,2955,
,2957,
,2961,
,2962,
,2963,
,2966,
,2979,
,2985,
,2986,
,2987,
,2994,
,2996,
,3000,
,3003,
,3007,
,3008,
,3009,
,3018,
,3020,
,3024,
,3026,
,3027,
,3033,
,3039,
,3043,
,3047,
,3057,
,3058,
,3060,
,3063,
,3072,
,3080,
,3081,
,3087,
,3088,
,3091,
,3100,
,3110,
,3121,
,3134,
,3140,
,3144,
,3150,
,3151,
,3161,
,3163,
,3164,
,3167,
,3169,
,3175,
,3176,
,3177,
,3180,
,3181,
,3187,
,3198,
,3200,
,3207,
,3209,
,3211,
,3212,
,3216,
,3220,
,3224,
,3231,
,3238,
,3242,
,3245,
,3246,
,3256,
,3259,
,3261,
,3262,
,3268,
,3273,
,3276,
,3278,
,3294,
,3304,
,3313,
,3316,
,3319,
,3325,
,3330,
,3332,
,3334,
,3337,
,3347,
,3356,
,3359,
,3361,
,3366,
,3379,
,3383,
,3391,
,3395,
,3399,
,3400,
,3401,
,3407,
,3411,
,3415,
,3419,
,3422,
,3423,
,3424,
,3428,
,3433,
,3434,
,3435,
,3440,
,3447,
,3450,
,3456,
,3462,
,3464,
,3473,
,3475,
,3481,
,3498,
,3499,
,3514,
,3519,
,3524,
,3525,
,3528,
,3534,
,3535,
,3538,
,3543,
,3548,
,3549,
,3554,
,3556,
,3560,
,3567,
,3573,
,3574,
,3577,
,3583,
,3584,
,3596,
,3609,
,3612,
,3623,
,3640,
,3642,
,3650,
,3654,
,3658,
,3659,
,3664,
,3676,
,3681,
,3687,
,3688,
,3699,
,3700,
,3721,
,3722,
,3727,
,3743,
,3744,
,3746,
,3755,
,3762,
,3775,
,3778,
,3798,
,3801,
,3802,
,3807,
,3811,
,3816,
,3821,
,3824,
,3828,
,3831,
,3832,
,3836,
,3855,
,3857,
,3872,
,3886,
,3888,
,3896,
,3900,
,3911,
,3915,
,3920,
,3923,
,3924,
,3939,
,3941,
,3944,
,3945,
,3947,
,3952,
,3954,
,3955,
,3959,
,3967,
,3970,
,3980,
,3992,
,4001,
,4002,
,4019,
,4027,
,4028,
,4033,
,4035,
,4036,
,4039,
,4043,
,4050,
,4052,
,4053,
,4055,
,4059,
,4061,
,4063,
,4065,
,4071,
,4074,
,4077,
,4078,
,4079,
,4084,
,4085,
,4089,
,4096,
,4097,
,4100,
,4105,
,4111,
,4115,
,4123,
,4125,
,4130,
,4139,
,4140,
,4141,
,4143,
,4157,
,4158,
,4163,
,4171,
,4182,
,4189,
,4190,
,4196,
,4199,
,4201,
,4203,
,4205,
,4208,
,4212,
,4213,
,4215,
,4219,
,4220,
,4223,
,4225,
,4227,
,4228,
,4232,
,4234,
,4247,
,4249,
,4254,
,4256,
,4257,
,4263,
,4271,
,4280,
,4287,
,4288,
,4296,
,4298,
,4302,
,4303,
,4306,
,4308,
,4310,
,4311,
,4316,
,4318,
,4328,
,4335,
,4339,
,4340,
,4345,
,4346,
,4348,
,4349,
,4351,
,4354,
,4355,
,4360,
,4366,
,4374,
,4377,
,4388,
,4402,
,4410,
,4412,
,4421,
,4446,
,4453,
,4458,
,4461,
,4464,
,4469,
,4473,
,4474,
,4480,
,4481,
,4488,
,4497,
,4500,
,4504,
,4507,
,4509,
,4514,
,4519,
,4520,
,4523,
,4527,
,4530,
,4533,
,4537,
,4540,
,4545,
,4546,
,4547,
,4548,
,4549,
,4551,
,4569,
,4574,
,4576,
,4579,
,4585,
,4589,
,4598,
,4604,
,4605,
,4620,
,4622,
,4625,
,4629,
,4630,
,4632,
,4635,
,4637,
,4638,
,4653,
,4659,
,4664,
,4666,
,4667,
,4668,
,4671,
,4672,
,4689,
,4698,
,4702,
,4705,
,4707,
,4708,
,4709,
,4711,
,4718,
,4733,
,4738,
,4741,
,4742,
,4746,
,4747,
,4750,
,4755,
,4757,
,4759,
,4762,
,4764,
,4768,
,4777,
,4781,
,4787,
,4788,
,4789,
,4796,
,4799,
,4805,
,4812,
,4819,
,4823,
,4826,
,4830,
,4836,
,4839,
,4867,
,4870,
,4871,
,4874,
,4875,
,4877,
,4883,
,4887,
,4891,
,4892,
,4898,
,4900,
,4904,
,4915,
,4917,
,4936,
,4938,
,4940,
,4951,
,4965,
,4969,
,4971,
,4973,
,4982,
,4984,
,4993,
,4999,
,5011,
,5012,
,5018,
,5031,
,5045,
,5047,
,5052,
,5057,
,5074,
,5079,
,5092,
,5093,
,5098,
,5099,
,5111,
,5121,
,5122,
,5133,
,5136,
,5147,
,5152,
,5154,
,5156,
,5161,
,5164,
,5170,
,5184,
,5189,
,5210,
,5211,
,5214,
,5215,
,5218,
,5220,
,5224,
,5229,
,5231,
,5233,
,5242,
,5246,
,5248,
,5252,
,5253,
,5256,
,5261,
,5266,
,5268,
,5273,
,5283,
,5296,
,5299,
,5306,
,5319,
,5320,
,5322,
,5323,
,5324,
,5329,
,5330,
,5339,
,5341,
,5347,
,5351,
,5352,
,5357,
,5359,
1199,1710,1
,5051,3
2452,3495,5
429,627,15
563,831,20
338,503,22
,3377,64
1542,2193,68
2536,3606,102
,2421,108
2833,4020,113
3411,4843,115
3541,5030,116
3176,4506,124
3185,4518,138
1711,,140
55,92,150
,848,159
1153,1646,160
1873,2646,169
,2115,173
3160,4483,182
915,1345,193
948,1381,194
1312,1856,195
,2175,198
1454,2057,207
3464,4921,213
2550,3626,217
3192,4531,219
1835,2591,223
1093,1571,225
763,1106,230
,4091,232
,4267,237
3589,5091,238
2129,3013,249
2916,4145,265
1643,2323,280
436,636,284
1145,1636,286
3380,4804,289
2616,3726,302
860,1262,306
797,1162,307
,3761,310
602,895,311
,971,312
176,282,316
3598,5105,318
977,1416,322
3143,4456,323
264,404,329
2631,3742,331
,3385,334
,3928,336
2135,3021,341
3481,4947,342
2941,4174,343
173,276,352
3337,4732,353
1898,2679,357
1355,1921,359
2669,3792,362
3282,4656,379
1930,2722,386
,2592,389
253,389,390
502,738,392
333,496,395
,3252,397
2997,4253,422
1237,1759,425
114,183,429
1070,1542,434
,1804,446
,2686,452
83,137,453
,5288,475
,4881,479
,3010,529
3520,5004,539
880,1290,545
2341,3323,560
4,8,566
,2155,586
324,487,601
791,1155,620
3455,4905,621
1927,2718,627
636,936,638
1381,1953,680
93,155,693
1675,2369,703
3111,4420,713
,2112,720
906,1330,724
,3547,736
487,713,740
2757,3910,741
1716,2419,762
2856,4051,771
3697,5244,774
2053,2897,785
3169,4493,829
1513,2162,834
208,329,843
1606,2279,866
1870,2643,884
968,1403,890
890,1303,894
2865,4068,899
468,681,903
,862,909
,5142,910
2902,4121,915
,5223,928
3756,5334,941
847,1241,955
27,47,961
,5194,968
2903,4122,971
634,934,991
,602,996
3174,4502,999
156,247,1001
297,452,1007
677,986,1008
448,651,1009
521,769,1014
230,357,1017
1742,2464,1022
2721,3869,1026
,2670,1027
1125,1614,1032
1827,2580,1033
3270,4643,1034
,3791,1035
421,615,1037
1092,1570,1039
416,606,1040
1378,1950,1058
1570,2225,1060
688,1006,1070
,5180,1071
,5282,1075
,4680,1082
,141,1083
,1922,1087
1360,1928,1090
1765,2501,1091
589,877,1094
,4784,1096
115,184,1099
1051,1517,1104
3645,5165,1124
136,224,1127
,5192,1128
2694,3829,1131
,2992,1140
,1983,1142
3566,5064,1152
1690,2387,1153
,1906,1155
976,1415,1159
3496,4970,1164
747,1084,1165
2209,3127,1179
1864,2636,1193
34,59,1215
3577,5080,1227
3462,4918,1239
3735,5303,1248
427,624,1258
2182,3089,1261
358,534,1262
2425,3454,1268
2163,3061,1298
2418,3445,1304
441,642,1306
2216,3137,1335
1437,2033,1340
2949,4185,1341
1888,2668,1349
1766,2502,1367
1861,2630,1371
2859,4057,1392
2558,3634,1395
3095,4399,1408
2047,2889,1409
1517,2165,1411
2791,3965,1412
,3230,1416
540,793,1431
5,9,1433
3487,4956,1465
1554,2205,1492
,1979,1500
2981,4236,1501
2871,4076,1520
,2798,1525
2519,3588,1533
,1208,1537
,759,1552
1740,2462,1557
2490,3546,1558
1519,2167,1559
3193,4532,1560
2305,3271,1568
588,876,1570
1267,1797,1571
2043,2884,1581
1479,2105,1586
2819,4005,1590
,4508,1591
3765,5346,1599
1433,2026,1621
150,238,1622
3040,4325,1642
1223,1738,1649
2537,3607,1656
1304,1845,1660
2728,3877,1668
1278,1813,1672
1461,2070,1681
,4307,1683
97,160,1688
3670,5201,1689
2151,3042,1693
,2396,1705
,4832,1707
2081,2937,1712
,2154,1715
2029,2868,1719
,5059,1721
381,563,1722
899,1316,1723
2845,4032,1726
2884,4098,1732
1180,1686,1755
,3326,1765
2846,4037,1771
3574,5075,1772
1948,2745,1777
50,85,1778
2803,3983,1779
2171,3071,1780
1912,2698,1781
2582,3674,1782
3747,5318,1783
1756,2488,1788
8,16,1813
1857,2624,1821
936,1368,1825
2342,3324,1831
666,976,1835
,1985,1837
2140,3028,1839
,4347,1860
2447,3487,1864
235,363,1871
926,1358,1873
,479,1876
,3353,1880
2180,3085,1894
1665,2356,1908
,3966,1926
2645,3764,1937
3166,4490,1940
2987,4242,1977
514,753,1984
608,902,1988
3706,5263,1993
2178,3083,1994
2770,3931,1999
2898,4117,2001
2439,3476,2009
3167,4491,2033
3631,5146,2036
1080,1555,2057
,2765,2076
2361,3352,2079
2982,4237,2080
1075,1549,2107
505,742,2156
1924,2712,2160
2388,3390,2193
195,310,2194
2738,3890,2200
2201,3116,2205
,1048,2222
1395,1972,2235
3586,5088,2264
3650,5171,2266
1234,1755,2279
875,1284,2293
518,761,2300
2795,3973,2302
243,381,2308
3454,4901,2309
1251,1776,2311
1659,2347,2315
2240,3179,2322
3700,5249,2328
2357,3348,2335
,334,2338
2041,2882,2339
408,597,2343
,4181,2349
2120,2997,2350
3757,5335,2356
2326,3300,2358
2495,3555,2363
715,1046,2364
3632,5148,2391
716,1047,2396
,5060,2408
1022,1478,2419
91,147,2422
2567,3648,2423
,3562,2448
1106,1592,2455
2078,2934,2462
1041,1504,2478
1664,2355,2484
643,942,2489
3022,4292,2492
118,191,2498
991,1434,2501
2410,3436,2503
2482,3532,2507
3653,5175,2530
771,1118,2537
1771,2508,2544
2617,3728,2545
1851,2615,2548
262,402,2550
26,44,2551
3052,4344,2573
,3839,2574
883,1296,2584
2456,3500,2589
737,1071,2591
1646,2329,2594
485,709,2634
3626,5140,2662
1785,2531,2668
354,528,2696
49,84,2697
811,1183,2702
265,406,2708
,644,2730
3623,5137,2742
2942,4175,2752
,2292,2769
,3303,2769
1757,2490,2801
2821,4007,2808
,115,2819
242,375,2835
1436,2032,2837
455,661,2839
2500,3563,2843
2126,3006,2844
2087,2945,2846
2131,3015,2852
831,1217,2853
917,1347,2855
,1243,2890
1732,2452,2893
1137,1629,2899
2166,3064,2926
3372,4793,2932
3161,4484,2933
3092,4397,2946
1221,1736,2955
1661,2352,2964
1255,1780,2966
1678,2372,2989
3758,5336,2997
3325,4717,3001
2155,3049,3004
2431,3465,3008
,3656,3009
3533,5021,3012
206,326,3042
1706,2408,3047
2195,3106,3056
3156,4477,3060
486,711,3070
471,684,3076
3275,4648,3097
1901,2682,3103
586,873,3104
59,97,3106
137,225,3108
1819,,3115
1212,1725,3119
210,333,3120
259,399,3128
,2469,3144
,692,3147
1607,2280,3148
2619,3729,3153
525,773,3167
848,1242,3168
1317,1862,3173
861,1264,3175
2343,3327,3186
457,666,3193
2134,3019,3197
,2409,3203
1469,2082,3204
,1498,3257
3258,4624,3260
339,504,3263
664,974,3265
1791,2541,3267
,929,3268
3109,4418,3271
1141,1631,3273
,5344,3279
736,1070,3282
965,1400,3283
2768,3927,3297
1235,1757,3301
,3109,3307
3285,4660,3320
,2514,3329
,5176,3330
2016,2850,3331
1271,1803,3332
817,1192,3333
,2130,3335
1164,1667,3343
2032,2872,3345
,4998,3346
2337,3317,3349
2733,3883,3371
3345,4745,3372
,747,3373
1261,1787,3379
,1307,3386
994,1439,3393
3084,4389,3395
,4981,3419
1151,1644,3421
3763,5343,3447
2393,3397,3453
240,373,3467
661,970,3469
2809,3990,3487
2847,4038,3488
,5257,3498
,4217,3510
3641,5159,3515
2747,3901,3519
246,382,3520
,3368,3525
2580,3672,3532
1485,2114,3534
1324,1877,3540
,1265,3565
,2093,3566
700,1019,3567
2179,3084,3574
2858,4056,3615
,4269,3624
,4331,3625
2377,3376,3634
1097,1579,3677
993,1436,3701
2855,4049,3704
560,824,3735
1252,1777,3740
3182,4515,3748
3715,5276,3756
3715,5281,3756
3720,5276,3756
3720,5281,3756
1270,1801,3765
2751,3904,3767
2524,3592,3769
2485,3537,3785
,792,3804
,3483,3854
3610,5118,3887
3083,4387,3889
,2895,3905
849,1244,3917
2435,3470,3937
,1392,3972
3026,4300,3977
,265,3985
3055,4356,3998
1146,1638,4004
2444,3484,4030
,331,4031
,3272,4032
3679,5212,4036
425,622,4045
,1117,4052
1803,2555,4055
,4744,4057
3425,4857,4064
1343,1905,4066
3319,4710,4078
2805,3986,4079
680,992,4081
1768,2504,4100
3643,5162,4103
2137,3023,4110
2114,2983,4119
,5190,4128
,2920,4132
2459,3505,4153
2658,3780,4175
2017,2851,4176
2191,3099,4186
823,1202,4188
1535,2185,4189
,408,4190
1387,1960,4192
1074,1548,4196
,4945,4197
575,855,4202
,2181,4214
,2498,4221
632,931,4224
,3457,4231
2378,3378,4240
3622,5135,4244
493,721,4248
3336,4731,4249
2088,2946,4250
226,353,4258
1228,1746,4259
1353,1919,4272
999,1446,4277
2211,3130,4280
,1863,4290
2323,3296,4293
3297,,4295
1784,2529,4299
3116,4426,4316
,2128,4320
1410,1996,4326
,58,4329
681,993,4339
559,823,4340
2919,4148,4363
,2705,4370
3536,5024,4371
1012,1462,4374
3430,4862,4375
,1393,4376
2648,3767,4393
1396,1973,4406
2107,2974,4409
3177,4510,4434
3309,4693,4438
2521,3590,4444
3154,4475,4447
3155,4476,4459
3006,4270,4489
3685,5222,4494
133,217,4496
1585,2253,4501
644,944,4503
2520,3589,4508
3714,5275,4512
2923,4152,4520
2407,3429,4523
2769,3930,4540
1986,2806,4550
1847,2610,4551
3377,4800,4565
987,1430,4566
,1198,4577
2880,4092,4588
2494,3553,4600
,3678,4613
1639,2318,4622
3551,5043,4633
2045,2886,4638
1611,2284,4647
1892,2672,4653
1483,2111,4672
292,444,4677
3465,4923,4710
997,1442,4749
325,488,4763
,4550,4787
1296,1836,4789
491,718,4803
3410,4842,4825
1133,1622,4834
1233,1754,4835
3724,5287,4836
2230,3155,4839
295,448,4841
1511,2159,4842
1163,1665,4846
3558,5050,4847
1189,1694,4856
2484,3536,4869
2745,3897,4891
2710,3854,4895
1411,1997,4904
1866,2638,4930
52,89,4931
1557,2208,4963
3144,4457,4975
489,715,4984
3142,4455,4990
,90,5000
28,48,5022
1992,2814,5043
2842,4029,5045
368,550,5055
1658,2345,5074
1196,1707,5075
,4884,5084
,1991,5124
1105,1591,5130
,2304,5131
,199,5132
,210,5133
3237,4596,5138
2907,4132,5157
69,117,5159
669,979,5169
762,1104,5189
1299,1839,5194
2553,3629,5206
3695,5240,5208
1968,2778,5219
1017,1468,5220
3584,5087,5236
,466,5247
2998,4255,5248
1593,2268,5250
1112,1600,5251
561,825,5253
2205,3123,5262
1030,1488,5263
1455,2061,5274
1561,,5277
2037,2879,5281
2776,3940,5283
3227,4584,5289
,4417,5292
,3833,5293
1057,1524,5295
3725,5289,5296
3725,5309,5296
3739,5289,5296
3739,5309,5296
3740,5310,5321
277,422,5323
1566,2218,5324
3189,4525,5326
2204,3122,5331
1,2,5337
1247,1771,5338
2329,3302,5339
,3716,5347
2319,3289,5351
,4034,5356
3658,5182,5360
,2931,5366
2736,3887,5367
3581,5084,5368
1333,1893,5371
725,1056,5374
,3488,5378
619,913,5385
696,1015,5390
3101,4406,5391
2610,3714,5398
3675,5206,5400
,989,5406
1638,2317,5407
3042,4327,5408
1392,1969,5409
1456,2062,5411
3609,5117,5449
3066,4369,5452
1997,2819,5457
2226,3147,5466
2722,3870,5469
2513,3581,5480
,1918,5498
1001,1451,5505
,1278,5508
,678,5509
548,809,5517
2635,3751,5526
2264,3213,5528
,1967,5531
3461,4914,5544
1176,1681,5555
2430,3461,5564
1973,2786,5570
1779,2523,5578
2588,3683,5583
3743,5314,5597
1375,1947,5601
,2160,5609
2983,4239,5628
,1354,5654
1627,,5658
1441,2040,5661
1489,2125,5718
3507,4985,5719
124,203,5720
746,1083,5721
2391,3394,5748
1918,2706,5779
1650,2338,5837
2554,3630,5840
3590,5094,5844
,1220,5872
1369,1940,5874
,1475,5877
2351,3342,5878
2308,3274,5879
19,37,5889
1551,2202,5899
1249,1774,5900
3014,4282,5902
520,766,5903
45,76,5924
1508,2156,5935
3044,4333,5937
3239,4599,5958
,3210,5963
68,116,5964
1818,,5999
526,774,6015
1626,2306,6018
342,509,6030
3470,4931,6057
3738,5308,6058
638,938,6075
1067,1539,6109
,123,6110
2686,3817,6120
,1936,6122
1686,2383,6123
1780,2524,6128
1104,1590,6133
781,,6136
2700,3842,6140
,4126,6143
1050,1515,6156
,2763,6171
1056,1523,6175
2971,4222,6190
1629,2308,6206
2257,3199,6208
2866,4069,6209
,2045,6215
2063,2909,6216
204,323,6217
,4238,6219
,1252,6220
,3355,6221
,3937,6223
3114,4424,6243
,4088,6246
483,705,6271
20,38,6279
,223,6280
1342,1904,6283
,4962,6285
3165,4489,6287
,3067,6312
972,1408,6318
1838,2596,6339
382,565,6341
2785,3958,6342
2064,2910,6350
,2677,6355
1837,2595,6359
2828,4014,6360
,1443,6361
3207,4558,6366
572,850,6369
481,701,6373
1651,2339,6374
1370,1942,6379
,1756,6380
82,136,6382
,4960,6389
,2779,6400
3051,4343,6401
2117,2989,6403
2699,3841,6406
2933,4165,6424
932,1364,6432
2441,3478,6447
949,1382,6449
552,813,6450
1035,1495,6451
,3856,6460
,3406,6463
1190,1695,6470
3619,5130,6473
718,1050,6474
2275,3226,6485
1984,2804,6486
,2639,6503
562,829,6509
1527,2176,6511
2563,3643,6512
,3312,6516
3473,4934,6527
3474,4934,6527
1095,1576,6532
,1144,6543
,433,6544
3008,4274,6551
3759,5337,6552
1636,2315,6562
2872,,6569
645,945,6570
826,1206,6572
1524,2172,6577
2243,3183,6588
,2791,6590
1082,1558,6594
1428,2021,6599
1068,1540,6600
3303,4684,6609
,150,6623
3409,4841,6632
3406,4837,6634
2286,3243,6639
3458,4909,6641
3458,4910,6641
,1419,6644
2217,3138,6686
3148,4465,6692
1605,2278,6705
878,1288,6723
431,629,6730
3656,5179,6744
1720,2425,6770
,708,6807
1194,1704,6837
1750,2478,6865
1208,1720,6873
2507,3572,6890
2778,3946,6905
3324,4715,6926
89,144,6968
,317,6969
3231,4590,6978
1618,2294,6985
1466,2079,6986
285,435,7014
3213,4565,7059
3094,4398,7069
3240,4600,7130
3510,4988,7135
2988,4243,7152
3515,4994,7153
,4802,7187
2039,2881,7207
1641,2320,7214
2761,3914,7231
,1122,7246
420,611,7248
2260,3204,7262
,3046,7304
,4752,7309
1792,2542,7312
819,1194,7329
1063,1531,7371
711,1042,7480
1130,1619,7489
1162,1661,7493
2486,3539,7508
,2990,7659
3244,4607,7685
,2050,7732
2251,3192,7762
,2248,7786
,83,7875
1738,2459,7879
2852,4045,7909
1311,1854,7979
1129,1618,8008
1110,1598,8084
1450,2053,8094
1020,1476,8118
,3104,8120
,3418,8157
,4170,8162
,2515,8238
,4726,8314
,2066,8326
3488,4957,8353
3680,5213,8526
,5003,8535
,432,8577
,3052,8607
3699,5247,8613
3573,5073,8688
2012,2840,8738
530,778,8803
2572,3660,8855
,2489,8921
3387,4815,8923
,4916,8934
319,483,8944
,756,8976
,2999,8980
2812,3995,8981
,439,9005
1530,2179,9006
3360,4772,9007
1493,2131,9008
,1034,9026
1167,1670,9039
337,502,9066
2713,3860,9107
3356,4766,9112
,4295,9117
3264,4634,9128
3255,4619,9132
2586,3680,9133
2000,2824,9134
1108,1597,9195
2538,3608,9269
,81,9294
2237,3172,9354
885,1298,9381
,3899,9433
962,1395,9449
1668,2359,9452
1616,2291,9827
824,1203,9851
189,302,9881
16,32,9912
1468,2081,9934
1877,2651,10188
3076,4380,10243
2247,3188,10267
1329,1884,10323
919,1349,10327
,2959,10332
,805,10382
2832,4018,10410
,412,10456
2798,3976,10481
2688,3820,10485
2186,3094,10489
105,171,10598
,3425,10622
2144,3032,10628
2790,3964,10633
,1484,10699
3260,4627,10733
2561,3639,10739
1309,1851,10749
,2517,10790
3649,5169,10799
902,1319,10812
1708,2412,10813
579,859,10819
3428,4860,10821
44,74,10824
1812,2567,10850
,4770,10858
1019,1473,10880
3280,4654,10884
2119,2995,10890
1951,2748,10903
1160,1655,10906
40,68,10909
357,533,10910
724,5350,10916
1184,1689,10925
328,491,10945
971,1407,10947
3572,5072,10964
2765,3922,10987
361,540,10997
111,179,11012
,3115,11016
1315,1858,11018
,364,11020
407,596,11023
3221,4578,11028
3434,4868,11029
,1096,11039
3100,4405,11042
2084,2942,11053
390,575,11055
2951,4187,11062
1938,2730,11080
3069,4371,11082
,2887,11089
3688,5227,11112
,2401,11113
,1126,11118
748,1087,11129
2623,3733,11134
,4949,11135
2333,3310,11139
3322,4713,11153
,4567,11159
,660,11168
750,,11169
1117,1605,11174
,1112,11175
2382,3386,11176
3591,5096,11177
,2251,11183
,1902,11184
1495,2137,11189
2696,3835,11191
856,1255,11197
1899,2680,11223
3284,4658,11224
3296,4677,11226
1704,2406,11227
3754,5332,11232
,35,11241
,3772,11244
2719,3867,11250
1368,1939,11254
,3290,11258
3184,4517,11264
3412,4844,11272
,2843,11273
2355,3346,11282
3628,5143,11289
161,257,11319
329,492,11324
,218,11325
216,342,11335
3070,4372,11381
752,,11383
1086,1562,11391
196,311,11398
1240,1761,11399
,134,11459
1741,2463,11506
1723,2433,11536
1648,2333,11590
3728,5293,11604
,1433,11650
1576,2232,11664
,3624,11666
3753,5331,11667
2940,4173,11695
3028,4305,11703
145,233,11704
2961,4206,11737
,904,11757
2899,4118,11765
532,781,11766
2118,2993,11768
,2660,11795
665,975,11823
907,1333,11830
2660,3782,11833
2420,3448,11892
3153,4472,11894
2154,3048,11896
1090,1568,11904
,25,11905
,193,11906
1702,2404,11907
729,1061,11922
3321,4712,11963
755,1095,11991
531,780,11997
2310,3277,12018
220,347,12020
1305,1846,12046
1555,2206,12047
2511,3578,12060
3365,4780,12065
3276,4649,12074
3766,5348,12095
3477,4939,12116
2754,3907,12122
278,424,12123
2854,4047,12133
3105,4411,12137
2529,3599,12152
290,442,12171
2938,,12173
2463,3509,12174
541,794,12183
2272,3222,12184
,4332,12190
684,999,12194
3599,5106,12195
,2991,12223
281,427,12225
1220,1734,12227
2674,3797,12241
1653,2341,12245
2595,3693,12246
809,1182,12258
3179,4512,12259
894,1309,12262
2675,3799,12263
1064,1532,12277
2614,3723,12281
,4716,12302
2261,3205,12303
3571,5071,12318
2015,2848,12329
42,70,12334
3151,4468,12338
1028,1486,12346
2921,4150,12358
,4811,12363
,591,12371
2468,3517,12373
,4944,12376
,3328,12379
2963,4209,12393
,4775,12417
2196,3107,12422
,2006,12425
2570,3651,12429
1465,2076,12430
84,138,12432
2996,4252,12434
3307,4690,12435
3350,4754,12439
2952,4188,12444
2428,3459,12446
1447,2048,12458
,5255,12459
585,872,12465
,4609,12466
2324,3297,12475
1824,2577,12487
895,1311,12577
490,716,12640
573,852,12643
834,1222,12644
1753,2485,12664
,3918,12755
3145,,12766
,4113,12776
,4930,12787
3225,4582,12838
3002,4264,12839
,2326,12858
,3510,12873
2936,4168,13038
2477,3527,13039
,2100,13064
2176,3079,13088
3328,4721,13101
,3779,13117
958,1389,13147
,5251,13150
2594,3692,13156
3030,4312,13187
,2301,13267
355,530,13285
3120,4432,13288
668,978,13300
,4903,13311
,3056,13312
935,1367,13316
1998,2821,13339
2735,3885,13395
463,674,13405
671,981,13421
,2900,13431
933,1365,13442
1722,2430,13450
2449,3491,13456
3522,5007,13462
701,1020,13472
723,1055,13486
336,501,13500
3648,5168,13510
3364,4779,13511
1868,2641,13514
308,465,13516
2427,3458,13517
1413,2001,13518
,5006,13520
2462,3508,13522
1412,2000,13523
237,367,13525
2857,4054,13531
2672,3795,13533
396,582,13534
1966,2776,13535
,2664,13536
2848,4040,13538
3674,5205,13540
,5291,13543
1031,1489,13552
,3414,13559
3118,4429,13561
,4552,13562
,1398,13569
,4528,13571
,3533,13600
2681,3808,13619
621,916,13635
3468,4927,13664
646,947,13670
,195,13681
905,1327,13697
3712,5272,13741
1071,1545,13770
1344,1907,13771
637,937,13796
1335,1896,13841
1828,2583,13844
3486,4955,13872
1936,2728,13873
,3075,13874
231,358,13908
2734,3884,13961
2042,2883,14008
3310,4694,14046
,2973,14058
1816,2571,14092
1826,2579,14188
,3321,14213
1427,2019,14246
,1749,14258
650,954,14262
1575,2231,14278
,110,14308
,3845,14384
3079,4383,14390
3386,4814,14391
,321,14400
2487,3542,14430
969,1405,14436
2698,3838,14485
2810,3991,14486
2297,3257,14529
,3557,14568
507,745,14665
3199,4542,14672
294,447,14696
,4621,14700
302,457,14710
1782,2527,14711
3568,5067,14722
,220,14725
2067,2914,14726
1008,1458,14727
564,832,14730
3562,5055,14738
2461,3507,14752
1254,1779,14762
,2476,14774
3374,4795,14795
120,196,14809
2089,2947,14823
,2235,14827
1349,1913,14832
3748,5321,14835
2077,2933,14836
2220,3142,14843
497,727,14849
3369,4786,14850
2627,3737,14854
3206,4557,14858
1491,2127,14861
,641,14887
2292,3251,14888
2282,3237,14899
,4701,14905
,2124,14906
1707,2410,14907
3539,5028,14912
1613,2288,14916
3029,4309,14919
2562,3641,14941
,4259,14946
768,1113,14961
2429,3460,14963
1471,2085,14969
2823,4009,14973
3158,4479,14985
3441,4882,14987
1634,2313,14995
3427,4859,15027
3467,4926,15035
3388,4816,15036
2864,4067,15043
1748,2473,15045
128,211,15046
3513,4991,15052
2369,3367,15054
,4272,15065
1348,1911,15069
3119,4431,15071
1169,1672,15074
,1859,15075
3456,4906,15079
2183,3090,15081
,3929,15082
596,886,15085
1073,1547,15094
,2785,15097
1135,1626,15108
,328,15122
,3034,15129
1544,2196,15130
33,57,15149
,801,15150
1590,2261,15158
3744,5315,15159
,4688,15165
3692,5236,15167
,3880,15180
1854,2618,15187
1062,1530,15198
1793,2544,15207
1509,2157,15208
,4262,15236
2711,3858,15281
2170,3070,15300
897,1315,15355
657,966,15365
2633,3749,15426
,3637,15448
2422,3451,15476
,2605,15505
3727,5292,15517
3247,4611,15554
,3719,15588
,1480,15624
,1657,15756
,1424,15758
,18,15821
1040,1503,15840
411,601,15852
1983,2803,15869
,1022,15880
2376,3375,15893
865,1271,15934
1553,2204,15937
3532,5020,15958
2525,3593,15993
35,61,16002
2360,3351,16008
450,652,16055
,2316,16076
1091,1569,16081
2404,3420,16118
,2335,16166
,1136,16179
,3225,16180
841,1234,16182
1964,2774,16200
2869,4073,16214
3232,4591,16218
1443,2042,16228
1291,1830,16237
2086,2944,16242
2274,3223,16244
2825,4011,16245
380,562,16250
3542,5032,16253
503,739,16261
335,499,16268
1214,1728,16269
3672,5203,16282
3627,5141,16283
1400,1980,16287
1736,2457,16288
1817,2572,16289
512,751,16300
,4869,16307
1834,2590,16310
2071,2922,16324
3300,4681,16336
558,822,16339
676,,16355
1805,2557,16362
772,1119,16371
296,450,16374
1587,2255,16384
802,1170,16393
,153,16397
821,1200,16406
3147,4463,16409
3375,4797,16411
3420,4852,16412
,3745,16413
,2259,16416
2025,2863,16419
2678,3804,16420
,1891,16428
1950,2747,16432
3382,4807,16434
1545,2197,16436
,3614,16437
65,111,16441
3677,5208,16445
2048,2890,16450
1752,2481,16451
1830,2585,16456
1979,2796,16464
2792,3968,16471
795,1158,16490
,3580,16509
2547,3621,16510
1361,1929,16512
3693,5237,16534
3749,5325,16535
1977,2794,16537
2492,3551,16541
2943,4176,16544
473,688,16548
2530,3600,16550
1970,2783,16554
3267,4639,16555
1885,2665,16556
1159,1654,16557
1776,2520,16558
3506,4983,16566
3633,5149,16567
1480,2107,16573
3689,5230,16574
,1835,16576
1165,1668,16592
492,720,16594
2467,3515,16606
2643,,16612
,3267,16616
2990,4246,16624
916,1346,16641
2917,4146,16643
1383,1956,16670
1118,1606,16690
197,312,16694
1379,1951,16696
,4319,16719
451,655,16732
391,576,16750
2102,2969,16758
,608,16759
1274,1807,16802
2600,3701,16815
717,1049,16822
,2384,16824
,1593,16836
3768,5353,16867
203,322,16897
213,338,16900
2026,2864,16933
908,1334,17000
,4178,17036
1475,2096,17080
1107,1594,17103
1422,2013,17160
,1663,17239
3135,4447,17348
3723,5286,17358
2771,3932,17380
3075,4379,17422
3138,4450,17423
3056,4357,17433
2543,3617,17451
780,1142,17473
1486,2116,17490
3203,4554,17497
,3381,17523
1310,1852,17540
1460,2067,17634
2062,2908,17637
2753,3906,17644
2780,3949,17658
3502,4978,17668
1655,,17703
,2068,17714
,3913,17762
,1656,17822
,3479,17829
,3809,17830
1972,2784,17831
1152,1645,17849
2194,3103,17862
1494,2132,17865
3088,4393,17870
39,67,17873
1955,2757,17879
2403,3417,17890
,2073,17891
268,411,17892
3347,4749,17900
100,165,17902
279,425,17905
2,4,17906
374,556,17909
2836,4022,17911
162,260,17912
2677,3803,17915
2989,4244,17916
2651,3770,17918
1896,2676,17925
2843,4030,17929
3543,5034,17934
1330,1885,17935
,2075,17937
,46,17940
1672,2364,17942
,3132,17943
,5026,17949
2057,2903,17950
2908,4133,17957
2886,4101,17968
2535,3605,17974
1855,2622,17977
828,1212,17995
583,870,17996
,4691,17999
211,335,18002
151,240,18003
3288,4663,18004
60,,18008
2024,2861,18013
2212,3131,18014
1464,2074,18015
,3112,18016
1448,2049,18018
3605,5113,18019
375,557,18020
,1762,18035
590,878,18041
430,628,18056
3595,5102,18057
903,1321,18059
2311,3280,18062
1925,2714,18067
10,19,18069
3373,4794,18073
918,1348,18076
,4048,18089
2370,3369,18091
2141,3029,18097
829,1213,18104
76,128,18107
1735,2455,18112
,1989,18114
3060,4362,18115
1120,1608,18122
1076,1551,18142
1231,1751,18151
777,1134,18167
1552,2203,18168
3696,5243,18170
1452,2055,18187
598,889,18192
1729,2449,18193
2724,3873,18195
3608,5116,18199
2411,3438,18200
3289,4665,18201
3367,4783,18208
1657,2343,18211
,2807,18217
2223,3145,18222
708,1032,18223
1878,2652,18224
1797,2549,18229
303,458,18230
459,668,18235
749,1088,18237
1294,1833,18239
3073,4375,18246
,1450,18249
205,324,18268
301,456,18269
656,965,18273
3190,4526,18274
597,887,18280
3447,4890,18281
1725,2436,18287
1347,1910,18295
3644,5163,18297
,1114,18305
,549,18308
,3463,18309
,3981,18312
3597,5104,18313
86,140,18315
257,395,18321
1197,1708,18327
1256,1781,18330
1256,1782,18330
1257,1781,18330
1257,1782,18330
3074,4376,18341
1282,1818,18373
663,973,18387
683,998,18393
2020,2854,18399
1263,1789,18414
,3541,18415
,2750,18416
1060,1527,18430
,3738,18541
,3105,18581
2426,3455,18625
77,130,18695
2860,4058,18704
212,336,18843
,1011,18894
474,689,18958
544,800,19071
2991,4248,19074
3734,5302,19081
2235,3166,19096
,3595,19148
2827,4013,19150
2021,2855,19169
2630,3741,19227
167,269,19259
,1864,19263
3127,4438,19290
651,955,19318
499,733,19350
3130,4441,19386
3274,4647,19395
,3437,19399
1832,2587,19420
,170,19424
3448,4893,19480
,1827,19481
2625,3735,19489
1337,1898,19504
2794,3971,19520
1676,2370,19524
2124,3002,19544
1649,2337,19556
2460,3506,19560
178,284,19567
,5187,19571
2591,3689,19582
3647,5186,19592
2497,3558,19596
2909,4134,19597
130,213,19598
157,250,19604
2365,3360,19605
,1257,19610
138,226,19616
1434,2029,19627
289,441,19638
2340,3322,19644
2481,3531,19645
,3409,19648
1959,2768,19649
,4913,19652
1126,1615,19653
3691,5235,19654
2414,3441,19655
2742,3894,19657
2910,4135,19662
1499,2142,19668
757,1099,19669
1630,2309,19683
,1648,19686
472,685,19687
3129,4440,19690
546,803,19694
835,1223,19698
2811,3993,19711
3602,5109,19715
722,1053,19716
404,593,19717
1497,2140,19718
3414,4846,19721
238,370,19722
141,228,19723
3654,5177,19729
3329,4722,19730
1195,1706,19734
820,1199,19736
1281,1817,19742
,3069,19745
3081,4385,19749
1917,2704,19760
383,567,19764
1594,2270,19765
2692,3826,19766
1314,1857,19767
1187,1692,19776
1307,1849,19782
3704,5259,19783
2384,3388,19786
1059,1526,19789
462,671,19794
3371,4792,19804
691,1009,19808
1279,1814,19810
2255,3196,19812
3271,4644,19814
1701,2403,19822
2162,3059,19824
,1277,19825
,3232,19837
3408,4840,19842
2453,3496,19846
,500,19867
2109,2977,19870
1863,2634,19871
1794,2545,19888
,2715,19920
21,39,19926
384,568,19957
1989,2811,19960
3080,4384,19972
3200,4543,20002
2956,4194,20072
3469,4928,20073
2013,2841,20117
2817,4000,20164
1931,2723,20168
364,544,20186
3625,5139,20202
2523,,20204
,3314,20206
620,914,20213
2014,2842,20227
3220,4577,20293
,3942,20297
1088,1565,20326
247,383,20358
3443,4886,20372
3444,,20374
3034,4317,20383
779,1139,20426
,964,20436
1023,1479,20454
1633,2312,20463
1558,2209,20469
2289,3248,20505
712,1043,20608
,703,20611
2784,3957,20614
,539,20647
,996,20658
2219,3141,20687
1359,1927,20690
,796,20699
1567,2219,20705
2601,3702,20706
2066,2913,20717
3435,4872,20750
2837,4023,20760
2820,4006,20764
3514,4992,20766
158,252,20772
,4536,20779
1414,2002,20792
3016,4284,20793
1101,1586,20795
110,178,20799
3630,5145,20801
1463,2072,20848
2661,3783,20849
90,145,20850
3140,4452,20858
3733,5301,20862
1181,,20867
1316,1861,20885
1598,2273,20900
1259,1785,20901
1474,2095,20905
509,749,20906
1783,2528,20911
2076,2932,20916
2945,4179,20920
3422,4854,20930
2668,3790,20931
1185,1690,20938
280,426,20961
970,1406,21014
221,348,21018
18,36,21020
3306,4687,21023
,30,21030
3175,4505,21044
3157,4478,21047
2028,2866,21050
1807,2562,21058
,2382,21064
2293,3253,21072
,362,21081
,294,21095
,1998,21104
956,1387,21107
707,1028,21119
673,983,21124
3277,4650,21126
3559,5053,21164
705,1026,21166
12,21,21170
,2334,21171
1044,1509,21178
812,1185,21194
745,1082,21219
2488,3544,21232
1717,2420,21236
3475,4935,21248
624,923,21271
,2092,21272
786,1150,21300
188,301,21320
925,1357,21334
3393,4821,21340
2683,3812,21395
1124,1613,21398
1724,2434,21414
,3285,21439
,2427,21452
1258,1784,21466
405,594,21476
542,797,21478
1453,2056,21480
3222,4580,21486
2740,3892,21490
3564,5058,21503
3261,4628,21509
3045,4334,21518
2764,3921,21529
1671,2363,21537
3311,4695,21540
686,1003,21557
1541,2192,21562
403,592,21574
1682,2376,21579
3583,5086,21607
2772,3934,21611
2763,,21621
3164,4487,21626
519,765,21636
2913,4138,21640
721,1052,21641
1365,1933,21642
,1102,21643
,3953,21655
2269,3218,21667
2702,3844,21673
3565,5063,21685
3102,4407,21690
3405,4835,21742
,5349,21745
2001,2825,21747
2381,3384,21749
232,359,21756
2609,3713,21760
,869,21788
482,704,21805
3214,4566,21811
3682,5217,21828
,2790,21842
983,1423,21843
1046,1511,21894
2101,2968,21936
782,1146,21938
,5267,21939
,3096,21946
1737,2458,21963
,3653,21964
3636,5153,21965
2288,3247,21975
610,905,21986
22,40,21988
3378,4801,21989
1954,2756,21997
581,864,22019
438,638,22028
1532,2182,22031
1539,2189,22032
,2547,22064
2479,3529,22098
,5307,22109
3534,5022,22120
1894,2674,22124
1694,,22127
3400,4829,22129
674,984,22130
2164,3062,22133
1911,2697,22166
2589,3684,22172
3729,5294,22174
3344,4743,22176
1457,2063,22225
1895,2675,22226
,2300,22231
2434,3469,22252
467,679,22255
2009,2837,22278
,4459,22281
1325,1879,22303
1990,2812,22340
,405,22349
,3758,22350
1804,2556,22360
175,281,22376
,1323,22404
2095,2954,22406
900,1317,22412
2703,3846,22415
320,484,22416
1825,2578,22428
3503,,22440
,1342,22456
2283,3239,22458
2254,3195,22462
3024,4294,22468
2203,3120,22501
80,133,22507
3315,4700,22508
,152,22515
286,437,22521
360,537,22524
,1161,22542
798,1165,22564
1352,1917,22569
1721,2429,22570
3065,4368,22571
2143,3031,22620
1421,2011,22628
,460,22629
508,746,22630
2802,3982,22640
1778,2522,22652
1875,2648,22653
378,560,22657
2303,3265,22754
1227,1745,22755
3067,4370,22762
2767,3926,22892
1442,2041,22931
,4763,22944
3437,4876,22991
2440,3477,23001
2314,3283,23002
458,667,23008
,2035,23038
954,,23044
2400,3412,23047
1623,2299,23059
2514,,23067
387,572,23077
2423,3452,23087
3097,4401,23140
,5260,23244
2103,2970,23252
1884,2662,23257
2701,3843,23263
2540,3611,23342
,2492,23379
1323,1876,23392
1577,2233,23413
304,459,23414
2986,4241,23431
,4730,23433
2232,3159,23454
,2640,23458
1612,2287,23499
,5124,23511
609,903,23539
,3670,23566
,2716,23593
3395,4824,23603
3326,4719,23616
1602,,23648
3722,5285,23651
3122,4434,23652
3660,5185,23653
,1211,23655
3078,4382,23657
568,841,23660
2911,4136,23662
1856,2623,23663
670,980,23673
1814,2569,23690
3194,4534,23711
,2918,23753
2912,4137,23767
1953,2754,23783
,3752,23816
,1705,23820
,1855,23828
734,1068,23837
3678,5209,23838
3195,4535,23839
,2432,23840
,1537,23844
827,4740,23852
2005,2831,23859
1219,1733,23860
1217,1731,23875
,4414,23876
2156,3050,23896
,4427,23906
24,42,23914
,815,23922
3730,5297,23928
,545,23941
2214,3135,23942
,4192,23943
3635,5151,23949
,915,23956
855,1251,23961
1225,1743,23973
,1154,23978
,3917,23992
2380,3382,24005
,5196,24008
,3933,24030
1150,1643,24040
778,1137,24042
1688,2385,24043
,951,24047
924,1356,24050
2723,3871,24051
23,41,24053
3421,4853,24068
3423,4855,24073
859,1259,24077
3726,5290,24092
3424,4856,24099
1288,1826,24101
582,867,24115
341,508,24119
814,1187,24128
800,1167,24136
549,811,24151
1963,2772,24156
192,306,24183
,3036,24206
2569,3649,24209
1496,2138,24225
241,374,24244
2398,3408,24249
866,1272,24285
1053,1520,24299
,2479,24305
3234,4593,24307
,31,24309
3139,4451,24313
2680,3806,24316
,2475,24385
,3339,24408
,190,24441
2003,2827,24452
2801,3979,24454
2894,4110,24459
1015,1466,24601
1714,2417,24640
1844,2601,24770
3354,4761,24803
836,1225,24835
1096,1578,24838
1490,2126,24840
1940,2734,24849
3146,4462,24851
1366,1934,24867
,728,24891
,833,24897
787,1151,24905
2965,4211,24916
3716,5277,24929
957,1388,24930
,529,24998
,779,25000
,3298,25029
2737,3889,25033
3517,4997,25050
3750,5326,25139
394,580,25140
,962,25146
,3148,25173
2974,,25174
2815,3998,25188
1843,2600,25190
2896,4114,25196
,847,25198
2197,3108,25204
1209,1721,25234
1592,2265,25241
3500,4976,25253
3294,4675,25257
3314,4699,25262
2667,3789,25313
258,398,25327
,2771,25347
2302,3264,25350
3061,4363,25360
2587,3682,25373
,3815,25388
3351,4756,25412
3634,5150,25419
,2087,25439
1357,1924,25504
2298,3258,25510
1621,2297,25513
1356,1923,25526
1538,2188,25535
1382,1954,25543
3226,4583,25546
172,,25547
185,297,25559
3732,5300,25601
3741,5312,25603
694,1012,25614
,4907,25626
,4460,25699
923,1355,25706
,258,25728
1156,1650,25729
3304,4685,25752
95,157,25834
447,650,25847
,3994,25848
,3309,25856
3012,4278,25861
1902,2683,25862
,3249,25863
805,1174,25867
1703,2405,25868
2415,3442,25913
267,410,25915
,842,25919
,2943,25943
3188,4524,25951
2939,4172,25952
2970,4221,25956
1054,1521,25967
2893,4109,25996
,3306,26005
1119,1607,26028
,1596,26031
3459,4911,26032
475,690,26038
385,570,26040
3293,4674,26041
2526,3594,26044
,1516,26047
11,20,26048
,1753,26056
1580,2240,26068
1580,2241,26068
2474,3523,26081
1770,2506,26107
1322,1873,26115
,950,26117
,3615,26130
672,982,26163
1083,1559,26170
513,752,26171
122,200,26177
1559,2210,26193
,4330,26210
,1841,26230
,393,26233
3451,4896,26235
2469,3518,26244
3152,4470,26248
2527,3597,26258
898,,26348
191,304,26405
,2121,26413
,5311,26449
266,409,26467
2927,4156,26468
,2098,26470
3352,4758,26475
3751,5327,26494
2867,4070,26577
,2719,26586
3353,4760,26652
2104,2971,26659
,3421,26755
2402,3416,26772
,1,26814
,2099,26855
2693,3827,26952
480,699,27006
3745,5316,27024
857,1256,27029
1084,,27039
2072,2924,27060
3721,5284,27068
3582,5085,27087
,5167,27103
1787,2533,27132
2969,,27141
,2873,27159
2363,3357,27184
,3652,27255
759,1101,27285
1677,2371,27297
2840,4025,27303
,2627,27341
,1957,27353
169,272,27380
,1609,27399
1079,1554,27409
1961,2770,27416
,5265,27462
,3279,27510
,330,27511
1478,2103,27527
803,1171,27541
1286,1822,27561
3215,4568,27589
3036,4321,27618
889,1302,27668
,3840,27669
758,1100,27675
2900,4119,27706
2641,3759,27732
2528,3598,27755
88,143,27757
,952,27763
3426,4858,27772
,3119,27779
,396,27792
1393,1970,27797
2603,3706,27850
1746,,27866
633,933,27876
1308,1850,27886
,1231,27887
,344,27937
2613,3720,27950
2882,4094,27959
1874,,27986
3077,4381,27990
1121,1610,28062
2906,4131,28063
960,1391,28064
3501,4977,28070
,185,28076
2774,3936,28077
,5009,28082
3621,5134,28094
679,990,28105
,3004,28107
,3645,28115
1449,2052,28131
1055,1522,28236
,612,28241
,730,28270
1952,2749,28310
3657,5181,28341
,2106,28347
,1098,28349
3399,4828,28383
1345,1908,28388
,532,28424
,2917,28498
1654,2342,28513
,1232,28521
863,1268,28600
3431,4863,28628
,3697,28674
,3,28698
2455,3497,28701
2233,3160,28798
,1141,28859
2136,3022,28890
2928,4159,28901
,3492,28904
,1067,28944
78,131,28980
254,390,29022
,3270,29159
,4641,29204
1458,2064,29242
,2828,29274
1186,1691,29380
2315,3284,29390
,1624,29399
1175,1680,29424
,687,29426
,3705,29524
3003,4265,29539
595,885,29544
,2860,30033
,919,30117
1371,1943,30998
556,820,30999
1739,2460,31025
398,584,31113
840,1233,31151
,2692,31297
2049,2891,31451
,1230,31506
,248,31517
2448,3489,31531
,2228,31591
,3472,31595
,763,31600
1143,1633,31672
1608,2281,31678
1806,2558,31685
720,1051,31690
1982,2800,31699
1891,2673,31702
1773,2512,31730
986,1428,31749
1578,2234,31750
3128,4439,31758
1500,2145,31759
1418,2008,31763
,4128,31766
580,863,31767
2505,3571,31782
2695,3834,31795
,4929,31796
2881,4093,31802
2121,2998,31805
,4920,31829
1248,1772,31875
594,884,31933
,2760,32006
2542,3616,32045
2544,3618,32139
,2243,32155
3137,4449,32209
2606,3709,32233
1579,2236,32235
1100,1585,32251
2642,3760,32268
1975,2792,32285
2348,3338,32287
388,573,32297
3217,4571,32305
547,808,32315
2228,3152,32324
2287,3244,32331
1373,1945,32339
565,834,32360
879,1289,32372
476,691,32374
3281,4655,32380
3228,4586,32381
2897,4116,32385
1087,1563,32397
837,1226,32400
1161,1658,32401
1581,2245,32413
,819,32429
,836,32429
,3710,32622
1005,1455,32672
1004,1454,32673
3268,4640,32687
,2925,32726
,2360,32746
3272,4645,32752
,4245,32783
927,1359,32797
,3905,32804
3391,4818,32811
399,585,32835
,607,32869
2541,3613,32883
567,839,32904
,1080,33021
,2271,33028
2198,3111,33030
648,,33079
,4925,33101
2654,3774,33131
,735,33155
3062,4364,33162
3737,5305,33167
,3186,33184
2626,3736,33191
,2964,33194
,267,33241
,804,33261
,854,33262
1302,1843,33266
,280,33280
,3504,33303
1502,2148,33308
,4827,33318
371,,33353
,4350,33398
,2752,33401
,5173,33413
,5295,33419
,1816,33423
,717,33444
222,349,33576
2099,2965,33590
3535,5023,33598
1472,2089,33605
3242,4602,33621
1971,,33629
1238,1760,33642
2090,2948,33659
,807,33672
,4865,33679
400,586,33690
3302,4683,33703
3362,4776,33705
1049,1514,33706
3579,5083,33711
603,896,33725
2720,3868,33730
406,595,33765
,3717,33772
1540,2191,33777
3301,4682,33784
2267,3215,33787
,2976,33791
,369,33818
1207,1719,33828
494,722,33838
2106,2972,33852
3484,4953,33853
1800,2553,33854
961,1394,33855
,2732,33857
,2443,33858
1759,2493,33860
1531,2180,33862
2887,4102,33863
675,985,33865
2206,3124,33873
1213,1726,33914
910,1338,33918
,2214,33924
,2534,33925
2707,3850,33932
922,1352,33938
63,103,33957
,4495,33959
3359,4771,33971
217,343,33976
,3364,33977
,3724,34000
2259,3202,34001
,4279,34002
2766,3925,34050
2984,4240,34052
,1105,34058
1685,2380,34064
287,438,34081
955,1386,34083
816,1191,34087
1459,2065,34091
,251,34093
3136,4448,34106
1232,1752,34109
,4963,34110
,2444,34115
3107,4415,34129
3476,4937,34168
2512,3579,34169
3593,5100,34173
1260,1786,34180
3041,4326,34182
,5033,34185
53,93,34192
2093,2952,34195
2147,3037,34200
1389,1966,34202
1726,2442,34204
291,443,34208
2130,3014,34211
1615,2290,34215
,1491,34216
3063,4365,34217
409,598,34224
945,1377,34225
2789,3963,34230
,5065,34231
,2477,34232
995,1440,34239
3170,4494,34247
2670,3793,34248
3433,4866,34261
283,431,34269
3705,5262,34294
,5010,34301
2458,3503,34332
3436,4873,34343
2362,3354,34356
1674,2366,34357
3103,4408,34361
1760,2494,34362
1526,2174,34398
1589,2260,34407
2502,3566,34409
359,535,34413
3013,4281,34415
107,174,34417
2992,4250,34422
2715,3862,34424
2879,4090,34435
1340,1903,34442
,5239,34447
1562,2212,34461
937,1369,34464
2534,3604,34466
2358,3349,34475
3048,4338,34480
1631,2310,34486
2443,3482,34496
1871,2644,34501
2730,3879,34504
1624,2303,34521
1744,2466,34528
,2936,34562
1681,2375,34565
1944,2738,34571
2083,2941,34578
2876,4083,34579
3508,4986,34581
1533,2183,34583
1043,1508,34590
3511,4989,34604
1903,2684,34621
2470,3520,34622
1127,1616,34628
1407,,34629
2457,3502,34633
,731,34635
2445,3485,34644
1512,2161,34646
2127,3011,34650
1772,2510,34657
,2354,34659
1869,2642,34666
1374,1946,34667
2320,3291,34683
1909,2695,34697
,3984,34699
3560,5061,34704
,3098,34708
1432,2025,34709
2762,3919,34711
2714,3861,34713
765,1109,34735
1272,1805,34753
1289,1828,34756
46,79,34757
1956,2759,34784
2808,3989,34788
592,881,34789
,337,34792
2172,3073,34798
,1081,34851
275,420,34852
,3972,34873
3025,4299,34876
2438,3474,34885
250,387,34900
3445,4888,34901
2092,2951,34903
456,663,34908
2193,3102,34917
3133,4444,34921
327,490,34925
2566,3647,34934
2816,3999,34935
3429,4861,34941
313,472,34945
,3501,34953
3612,5120,34956
892,1306,34957
251,388,34958
3585,,34962
1569,2223,34986
2504,3569,35009
,2267,35021
,3655,35056
269,413,35070
1029,1487,35076
1876,2650,35081
,519,35086
2285,3241,35087
3015,4283,35094
,4066,35097
2628,3739,35098
2883,4095,35107
2368,3365,35125
1809,2564,35126
1705,2407,35128
,3154,35131
2330,,35140
,3078,35144
,2302,35148
,4392,35153
3607,5115,35158
3655,5178,35162
2732,3882,35170
,1639,35176
2503,3568,35209
,1581,35210
,1926,35211
1241,1763,35230
,2635,35238
2793,3969,35239
2615,3725,35242
,1640,35249
2011,2839,35256
,1895,35262
887,1300,35263
,3168,35279
2111,2980,35281
813,1186,35295
2466,3513,35303
3172,4499,35306
3524,5013,35309
2629,3740,35310
1600,2275,35315
270,414,35321
1781,2526,35324
984,1425,35338
3286,4661,35341
3126,4437,35364
2662,3784,35369
1085,1561,35372
3339,4735,35375
,569,35378
,4471,35380
1821,2574,35381
3525,5014,35386
577,856,35392
1204,1716,35400
,3686,35413
9,17,35416
1635,2314,35420
3479,4942,35425
,3916,35442
1811,2566,35448
1439,2037,35459
3059,4361,35462
1822,2575,35465
,693,35467
3211,4563,35472
,1060,35505
,3405,35545
2167,3065,35548
1846,2608,35549
,1535,35551
845,1239,35552
,2446,35556
2080,2935,35557
236,365,35562
1872,2645,35570
2442,3480,35571
1853,2617,35589
1065,1534,35591
1858,2625,35593
1215,1729,35597
1849,2612,35600
2901,4120,35602
2128,3012,35604
732,1065,35608
2925,4154,35614
3540,5029,35617
1994,2816,35621
1467,2080,35624
288,440,35625
1859,2626,35626
3335,4729,35628
3606,5114,35638
2263,3208,35639
1399,1976,35640
1622,2298,35641
3665,5195,35642
,1326,35663
,4950,35692
3755,5333,35695
728,1059,35705
1751,2480,35707
376,558,35713
989,1432,35715
43,71,35716
2035,2877,35717
3516,4996,35726
1945,2739,35729
2506,,35736
523,771,35738
535,783,35739
,1254,35743
,1474,35752
667,977,35757
617,911,35787
2555,3631,35791
58,96,35801
,991,35804
2375,3374,35805
1762,2496,35819
500,736,35822
81,135,35834
3603,5110,35843
,3117,35847
454,659,35848
979,1418,35851
938,1370,35853
,632,35860
,3305,35867
517,760,35872
685,1001,35873
591,879,35875
,5082,35876
,2266,35877
2277,3229,35879
,3228,35880
2074,2929,35888
,2733,35897
,5234,35898
1262,1788,35901
3254,4618,35915
32,55,35920
418,609,35927
15,,35950
,686,35959
1021,1477,35966
2957,4195,35984
625,924,35989
,1796,35991
74,124,35996
,1275,35999
727,1058,36022
1198,1709,36057
,1824,36059
710,1040,36060
703,1024,36061
,1280,36074
3761,5340,36075
,1627,36076
,3307,36077
412,603,36082
1669,2361,36089
1014,1465,36097
,5095,36100
2673,3796,36102
2399,3410,36104
,1227,36111
3266,4636,36114
3494,4967,36118
3020,4290,36125
3017,4285,36128
,3851,36129
1038,1501,36133
1191,1698,36137
3333,4727,36140
1620,2296,36145
62,102,36151
479,698,36155
3480,4946,36184
1574,2229,36189
2756,3909,36193
3141,4454,36204
1230,1750,36208
3509,4987,36215
2644,3763,36223
,1892,36239
1293,1832,36242
163,261,36246
345,513,36249
911,1340,36251
464,675,36257
260,400,36258
2849,4041,36284
,219,36298
1078,1553,36299
75,126,36302
1285,1821,36324
2608,3712,36334
3346,4748,36359
2612,3718,36364
2367,3363,36367
109,177,36374
2638,3756,36380
2210,3128,36394
2655,3776,36395
3673,5204,36397
,2262,36400
,5041,36401
,551,36406
,4216,36411
,4575,36422
3493,4966,36424
71,119,36431
3054,4353,36435
,4808,36437
1865,2637,36438
2065,2911,36441
2559,3635,36445
3295,4676,36446
3640,5158,36447
1758,2491,36448
3287,4662,36452
2804,3985,36455
1886,2666,36458
1900,2681,36460
,4200,36463
1568,2220,36469
,5001,36471
,49,36473
1907,2690,36475
2598,3696,36477
2409,3431,36480
,4943,36483
2421,3449,36487
2584,3677,36488
815,1189,36490
1210,1722,36491
,98,36498
,2780,36509
1763,2497,36525
3053,4352,36534
2806,3987,36535
415,605,36539
207,327,36541
,5131,36558
3526,5015,36573
,4129,36576
742,1076,36585
1321,1871,36589
,498,36598
1628,2307,36605
2664,3786,36606
,1014,36607
774,1124,36612
1446,,36614
3505,4980,36622
,4198,36656
,3636,36662
2054,2898,36668
1429,2022,36681
,3540,36683
,1677,36702
,3329,36703
3690,5232,36711
3090,4395,36737
2775,3938,36759
980,1420,36766
1211,1723,36767
14,27,36770
2796,3974,36773
3567,5066,36780
1614,2289,36782
1942,2736,36787
,1995,36788
1284,1820,36795
,2123,36798
662,972,36800
2416,3443,36802
1061,1529,36804
126,207,36806
,1588,36809
698,1017,36811
2451,3494,36813
3452,4897,36824
1435,2030,36830
2522,3591,36835
103,168,36840
1377,1949,36845
,2250,36848
593,882,36857
2359,3350,36865
2236,3171,36870
498,729,36877
3104,4409,36886
2465,3512,36895
739,1073,36920
326,489,36948
1667,2358,36971
1985,2805,36973
2392,3396,37024
,4791,37029
370,553,37037
166,266,37056
3219,4573,37057
193,307,37059
3043,4329,37068
3186,4521,37086
,1132,37096
793,1156,37102
1488,2122,37109
,1880,37110
,2928,37111
,3667,37113
2181,3086,37118
941,1373,37124
,3403,37137
98,163,37142
553,816,37148
112,180,37153
974,1412,37160
1684,2379,37165
2450,3493,37174
2980,4235,37197
432,630,37201
605,898,37203
1774,2513,37204
2030,2869,37214
,378,37223
1451,2054,37260
2781,3950,37262
3323,4714,37309
3555,5048,37325
3760,5338,37326
1391,1968,37339
1560,2211,37346
1351,1915,37370
1192,1699,37376
2300,3263,37379
2920,4149,37392
1637,,37401
3001,4261,37404
2437,3471,37406
1967,2777,37415
346,514,37422
2007,2833,37432
446,649,37443
3168,4492,37445
931,1363,37447
1069,1541,37450
,4503,37459
3342,4739,37467
764,1108,37472
160,255,37481
3115,4425,37541
2632,3748,37567
2557,3633,37568
615,909,37573
1425,2017,37574
871,1279,37579
,3170,37608
423,617,37632
3569,5068,37635
356,531,37665
,2043,37676
1761,2495,37682
184,293,37687
639,939,37688
2215,3136,37692
2841,4026,37693
1813,2568,37699
249,386,37704
64,108,37717
3340,4736,37725
2959,4202,37731
1174,,37734
854,1250,37749
309,468,37752
,3203,37754
401,587,37764
121,197,37768
2564,3644,37779
1276,1810,37783
186,298,37785
,4003,37788
,244,37793
3438,4878,37797
1009,1459,37802
2316,3286,37806
3499,4975,37809
2265,3214,37820
2270,3214,37820
,1990,37825
1026,1483,37840
533,782,37843
469,682,37891
3495,4968,37892
,3173,37893
,1469,37901
,3157,37902
921,1351,37908
,3747,37916
1007,1457,37919
2705,3848,37921
647,948,37923
3223,4581,37924
3664,5193,37938
1617,2293,37940
2294,3254,37953
3588,5090,37955
975,1413,37956
2818,4004,37957
3243,4606,37974
2222,3143,37979
1388,1965,37988
1034,1494,37997
1745,2468,38004
,13,38005
1099,1583,38017
143,231,38020
3392,4820,38028
1265,1792,38037
3292,4673,38048
119,194,38059
528,776,38066
2599,3698,38069
2115,2984,38071
699,1018,38073
452,656,38074
2577,3668,38075
1277,1811,38078
963,1396,38080
2177,3082,38081
1679,2373,38094
,3165,38097
1036,1499,38099
1939,2731,38104
2142,3030,38113
233,360,38115
,2519,38118
2061,2907,38119
2276,3227,38126
,3293,38128
1584,,38132
1777,2521,38135
3383,4809,38139
3050,4342,38149
,5078,38153
1978,2795,38156
372,554,38157
,4603,38159
,2753,38160
2056,2902,38161
1904,2687,38167
1693,2390,38178
3018,4286,38186
440,640,38196
70,118,38208
2935,4167,38214
761,,38238
873,1282,38271
3592,5097,38282
3416,4848,38285
433,631,38300
2556,3632,38301
1663,5356,38303
2973,4226,38304
1586,2254,38307
2924,4153,38308
623,921,38323
3198,4541,38327
2786,3960,38334
170,273,38347
1845,2603,38410
3363,4778,38418
830,1216,38426
3440,4880,38438
3332,4725,38448
51,87,38456
3578,5081,38465
397,583,38466
1993,2815,38467
2125,3005,38471
3552,5044,38473
2838,4024,38474
1755,2487,38476
3701,5250,38481
2548,3622,38485
,3113,38486
1991,2813,38495
3117,4428,38513
2954,4193,38515
1949,2746,38523
3498,4974,38524
3471,4932,38528
3385,4813,38530
,2118,38535
3121,4433,38536
343,511,38543
1916,2703,38544
,3467,38548
2853,4046,38549
2291,3250,38555
144,232,38556
1193,1700,38559
693,1010,38562
,3570,38563
912,1322,38571
1662,2353,38573
1331,1886,38577
3570,5069,38587
1505,2151,38589
,2395,38600
3308,4692,38603
2539,3610,38612
57,95,38620
1122,1611,38627
2332,3308,38633
,2336,38639
1687,,38651
1897,2678,38652
1397,1974,38681
1610,2283,38696
,1566,38701
1183,1688,38704
1640,2319,38723
2185,3093,38739
606,899,38744
2947,4183,38754
,2713,38755
3407,4838,38777
101,166,38790
,2378,38827
2953,4191,38836
3523,5008,38837
1354,1920,38838
460,669,38858
,946,38859
2972,4224,38867
2994,4251,38869
3273,4646,38870
3082,4386,38871
1037,1500,38875
3072,4373,38878
510,750,38886
3752,5328,38897
3613,5123,38902
,1472,38903
566,837,38916
1929,2721,38923
3330,4723,38926
3404,4834,38928
465,676,38936
3527,5016,38937
,4297,38947
2068,2915,38951
,762,38954
2350,3341,38956
3381,4806,38981
3769,5354,38998
2352,3343,39001
1201,1713,39009
1024,1481,39025
731,1063,39030
844,1238,39035
3046,4336,39036
2546,3620,39045
,288,39050
1549,2201,39059
2366,3362,39067
,1299,39083
2279,3234,39085
,1701,39087
3110,4419,39091
2258,3201,39093
1403,1982,39097
,1253,39098
2322,3295,39105
1440,2038,39108
,3269,39115
1908,2691,39122
,4597,39127
2967,,39133
539,790,39183
1689,2386,39186
,3830,39194
884,1297,39198
2044,2885,39214
1796,2548,39215
832,1219,39223
2335,,39225
1013,1464,39250
2353,3344,39253
2098,2960,39254
3489,4958,39255
1642,2321,39260
386,571,39263
1170,1673,39265
3341,4737,39270
3686,5225,39279
2679,3805,39303
,2083,39318
142,229,39351
3544,5035,39353
2551,3627,39354
434,633,39359
1409,1993,39367
1976,2793,39370
2424,3453,39377
2639,3757,39378
,1937,39389
642,,39390
3202,4553,39391
839,1229,39413
618,912,39416
1394,1971,39420
,51,39422
3403,4833,39424
149,237,39426
2788,3962,39431
1470,2084,39437
1047,1512,39440
1914,2700,39441
,3662,39453
529,777,39463
,4496,39465
2168,3066,39474
3009,4275,39477
2545,3619,39478
1098,1582,39480
611,906,39481
,1490,39485
1987,2808,39487
2033,2876,39488
1823,2576,39489
,4562,39494
3698,5245,39500
,4301,39502
102,167,39505
2390,3393,39512
1445,2046,39514
2493,3552,39517
,4773,39519
,4378,39520
3604,5112,39521
,578,39524
,2456,39533
2278,3233,39539
,2702,39542
2173,3074,39547
1788,2536,39551
1142,1632,39556
305,462,39557
522,770,39560
331,495,39561
,888,39568
,3490,39572
,1572,39577
3681,5216,39617
187,300,39622
726,1057,39628
1103,1589,39630
1401,1981,39636
914,1344,39639
3587,5089,39647
1749,2474,39660
2822,4008,39665
967,1402,39671
2978,4233,39698
1862,2631,39700
1831,2586,39727
1516,2164,39728
1921,2709,39763
146,234,39789
1999,,39790
1168,1671,39794
444,646,39795
2242,3184,39815
1644,2325,39828
1523,2171,39831
,1869,39867
362,541,39874
3096,4400,39887
2729,3878,39963
2346,3335,39970
988,1431,39971
3546,5037,39983
,1505,40033
152,242,40036
2549,3625,40038
365,546,40065
1155,1649,40075
3717,5278,40084
2716,3864,40097
2389,3392,40099
1698,2397,40126
,1676,40127
,3819,40129
2060,2906,40133
2192,3101,40135
422,616,40140
704,1025,40153
2174,3076,40158
843,1237,40171
1045,1510,40172
2712,3859,40174
36,62,40199
1319,1868,40203
1202,1714,40205
495,724,40220
2246,3185,40225
3057,4358,40227
2960,4204,40229
2397,3404,40230
1632,2311,40234
2152,3044,40238
536,785,40243
,517,40246
1048,1513,40249
3173,4501,40250
3019,4289,40259
,4995,40263
,4922,40267
1537,2187,40278
,5228,40280
2266,,40284
2153,3045,40314
3245,4608,40334
,566,40336
635,935,40343
3453,4899,40363
1974,2787,40375
1520,2168,40380
2218,3139,40386
3125,4436,40387
2256,3197,40401
1692,2389,40406
2252,3193,40453
2517,3586,40466
2070,2919,40473
,5062,40474
,3432,40510
